Workbook

Sheet Данни
A1: ID клиент | B1: Клиент | C1: Служител | D1: Падеж | E1: Дължима сума | F1: Платена сума | G1: Статус контакт | H1: Обещана дата | I1: Бележка | J1: Остатък | K1: Дни просрочие | L1: Aging група | M1: В обхват 1-30 | N1: Приоритет | O1: Следващо действие | P1: % платено
A2: C001 | B2: Иван Петров | C2: Мария | D2: 46174 | E2: 227 | F2: 0 | G2: Обещание за плащане | H2: 46199 | I2: Няма отговор | J2: =MAX(0,E2-F2) | K2: =MAX(0,'Настройки'!$B$1-D2) | L2: =IF(K2=0,"Непросрочен",IF(K2<=5,"1-5 дни",IF(K2<=15,"6-15 дни",IF(K2<=30,"16-30 дни","30+ дни")))) | M2: =IF(AND(K2>=1,K2<=30,J2>0),"Да","Не") | N2: =IF(J2=0,"Приключен",IF(AND(K2>=16,K2<=30,J2>=500),"Висок",IF(OR(K2>=16,J2>=300),"Среден","Нисък"))) | O2: =IF(J2=0,"Няма действие",IF(G2="Неоткрит","Повторно обаждане + SMS",IF(G2="Обещание за плащане","Проследи обещанието",IF(G2="Отказва плащане","Ескалация към старши",IF(G2="Частично плащане","Договори остатъка","Стандартен контакт"))))) | P2: =IFERROR(F2/E2,0)
A3: C002 | B3: Георги Иванов | C3: Петър | D3: 46175 | E3: 364 | F3: 0 | G3: Отказва плащане | I3: Иска SMS с IBAN | J3: =MAX(0,E3-F3) | K3: =MAX(0,'Настройки'!$B$1-D3) | L3: =IF(K3=0,"Непросрочен",IF(K3<=5,"1-5 дни",IF(K3<=15,"6-15 дни",IF(K3<=30,"16-30 дни","30+ дни")))) | M3: =IF(AND(K3>=1,K3<=30,J3>0),"Да","Не") | N3: =IF(J3=0,"Приключен",IF(AND(K3>=16,K3<=30,J3>=500),"Висок",IF(OR(K3>=16,J3>=300),"Среден","Нисък"))) | O3: =IF(J3=0,"Няма действие",IF(G3="Неоткрит","Повторно обаждане + SMS",IF(G3="Обещание за плащане","Проследи обещанието",IF(G3="Отказва плащане","Ескалация към старши",IF(G3="Частично плащане","Договори остатъка","Стандартен контакт"))))) | P3: =IFERROR(F3/E3,0)
A4: C003 | B4: Десислава Николова | C4: Анна | D4: 46176 | E4: 501 | F4: 0 | G4: Неоткрит | I4: Ще плати след заплата | J4: =MAX(0,E4-F4) | K4: =MAX(0,'Настройки'!$B$1-D4) | L4: =IF(K4=0,"Непросрочен",IF(K4<=5,"1-5 дни",IF(K4<=15,"6-15 дни",IF(K4<=30,"16-30 дни","30+ дни")))) | M4: =IF(AND(K4>=1,K4<=30,J4>0),"Да","Не") | N4: =IF(J4=0,"Приключен",IF(AND(K4>=16,K4<=30,J4>=500),"Висок",IF(OR(K4>=16,J4>=300),"Среден","Нисък"))) | O4: =IF(J4=0,"Няма действие",IF(G4="Неоткрит","Повторно обаждане + SMS",IF(G4="Обещание за плащане","Проследи обещанието",IF(G4="Отказва плащане","Ескалация към старши",IF(G4="Частично плащане","Договори остатъка","Стандартен контакт"))))) | P4: =IFERROR(F4/E4,0)
A5: C004 | B5: Николай Димитров | C5: Георги | D5: 46177 | E5: 638 | F5: 638 | G5: Платено | I5: Платил частично | J5: =MAX(0,E5-F5) | K5: =MAX(0,'Настройки'!$B$1-D5) | L5: =IF(K5=0,"Непросрочен",IF(K5<=5,"1-5 дни",IF(K5<=15,"6-15 дни",IF(K5<=30,"16-30 дни","30+ дни")))) | M5: =IF(AND(K5>=1,K5<=30,J5>0),"Да","Не") | N5: =IF(J5=0,"Приключен",IF(AND(K5>=16,K5<=30,J5>=500),"Висок",IF(OR(K5>=16,J5>=300),"Среден","Нисък"))) | O5: =IF(J5=0,"Няма действие",IF(G5="Неоткрит","Повторно обаждане + SMS",IF(G5="Обещание за плащане","Проследи обещанието",IF(G5="Отказва плащане","Ескалация към старши",IF(G5="Частично плащане","Договори остатъка","Стандартен контакт"))))) | P5: =IFERROR(F5/E5,0)
A6: C005 | B6: Елена Георгиева | C6: Ива | D6: 46178 | E6: 775 | F6: 0 | G6: Отказва плащане | I6: Оспорва начисление | J6: =MAX(0,E6-F6) | K6: =MAX(0,'Настройки'!$B$1-D6) | L6: =IF(K6=0,"Непросрочен",IF(K6<=5,"1-5 дни",IF(K6<=15,"6-15 дни",IF(K6<=30,"16-30 дни","30+ дни")))) | M6: =IF(AND(K6>=1,K6<=30,J6>0),"Да","Не") | N6: =IF(J6=0,"Приключен",IF(AND(K6>=16,K6<=30,J6>=500),"Висок",IF(OR(K6>=16,J6>=300),"Среден","Нисък"))) | O6: =IF(J6=0,"Няма действие",IF(G6="Неоткрит","Повторно обаждане + SMS",IF(G6="Обещание за плащане","Проследи обещанието",IF(G6="Отказва плащане","Ескалация към старши",IF(G6="Частично плащане","Договори остатъка","Стандартен контакт"))))) | P6: =IFERROR(F6/E6,0)
A7: C006 | B7: Стефан Колев | C7: Мария | D7: 46174 | E7: 912 | F7: 0 | G7: Неоткрит | I7: Потвърдено плащане | J7: =MAX(0,E7-F7) | K7: =MAX(0,'Настройки'!$B$1-D7) | L7: =IF(K7=0,"Непросрочен",IF(K7<=5,"1-5 дни",IF(K7<=15,"6-15 дни",IF(K7<=30,"16-30 дни","30+ дни")))) | M7: =IF(AND(K7>=1,K7<=30,J7>0),"Да","Не") | N7: =IF(J7=0,"Приключен",IF(AND(K7>=16,K7<=30,J7>=500),"Висок",IF(OR(K7>=16,J7>=300),"Среден","Нисък"))) | O7: =IF(J7=0,"Няма действие",IF(G7="Неоткрит","Повторно обаждане + SMS",IF(G7="Обещание за плащане","Проследи обещанието",IF(G7="Отказва плащане","Ескалация към старши",IF(G7="Частично плащане","Договори остатъка","Стандартен контакт"))))) | P7: =IFERROR(F7/E7,0)
A8: C007 | B8: Виктория Стоянова | C8: Петър | D8: 46175 | E8: 1049 | F8: 398.62 | G8: Частично плащане | I8: Нужен втори контакт | J8: =MAX(0,E8-F8) | K8: =MAX(0,'Настройки'!$B$1-D8) | L8: =IF(K8=0,"Непросрочен",IF(K8<=5,"1-5 дни",IF(K8<=15,"6-15 дни",IF(K8<=30,"16-30 дни","30+ дни")))) | M8: =IF(AND(K8>=1,K8<=30,J8>0),"Да","Не") | N8: =IF(J8=0,"Приключен",IF(AND(K8>=16,K8<=30,J8>=500),"Висок",IF(OR(K8>=16,J8>=300),"Среден","Нисък"))) | O8: =IF(J8=0,"Няма действие",IF(G8="Неоткрит","Повторно обаждане + SMS",IF(G8="Обещание за плащане","Проследи обещанието",IF(G8="Отказва плащане","Ескалация към старши",IF(G8="Частично плащане","Договори остатъка","Стандартен контакт"))))) | P8: =IFERROR(F8/E8,0)
A9: C008 | B9: Христо Ангелов | C9: Анна | D9: 46176 | E9: 1186 | F9: 1186 | G9: Платено | I9: Да се провери лимит | J9: =MAX(0,E9-F9) | K9: =MAX(0,'Настройки'!$B$1-D9) | L9: =IF(K9=0,"Непросрочен",IF(K9<=5,"1-5 дни",IF(K9<=15,"6-15 дни",IF(K9<=30,"16-30 дни","30+ дни")))) | M9: =IF(AND(K9>=1,K9<=30,J9>0),"Да","Не") | N9: =IF(J9=0,"Приключен",IF(AND(K9>=16,K9<=30,J9>=500),"Висок",IF(OR(K9>=16,J9>=300),"Среден","Нисък"))) | O9: =IF(J9=0,"Няма действие",IF(G9="Неоткрит","Повторно обаждане + SMS",IF(G9="Обещание за плащане","Проследи обещанието",IF(G9="Отказва плащане","Ескалация към старши",IF(G9="Частично плащане","Договори остатъка","Стандартен контакт"))))) | P9: =IFERROR(F9/E9,0)
A10: C009 | B10: Борислав Тодоров | C10: Георги | D10: 46177 | E10: 1323 | F10: 0 | G10: Обаден | I10: Иска разсрочване | J10: =MAX(0,E10-F10) | K10: =MAX(0,'Настройки'!$B$1-D10) | L10: =IF(K10=0,"Непросрочен",IF(K10<=5,"1-5 дни",IF(K10<=15,"6-15 дни",IF(K10<=30,"16-30 дни","30+ дни")))) | M10: =IF(AND(K10>=1,K10<=30,J10>0),"Да","Не") | N10: =IF(J10=0,"Приключен",IF(AND(K10>=16,K10<=30,J10>=500),"Висок",IF(OR(K10>=16,J10>=300),"Среден","Нисък"))) | O10: =IF(J10=0,"Няма действие",IF(G10="Неоткрит","Повторно обаждане + SMS",IF(G10="Обещание за плащане","Проследи обещанието",IF(G10="Отказва плащане","Ескалация към старши",IF(G10="Частично плащане","Договори остатъка","Стандартен контакт"))))) | P10: =IFERROR(F10/E10,0)
A11: C010 | B11: Милена Христова | C11: Ива | D11: 46178 | E11: 1460 | F11: 321.2 | G11: Частично плащане | I11: Кратък разговор | J11: =MAX(0,E11-F11) | K11: =MAX(0,'Настройки'!$B$1-D11) | L11: =IF(K11=0,"Непросрочен",IF(K11<=5,"1-5 дни",IF(K11<=15,"6-15 дни",IF(K11<=30,"16-30 дни","30+ дни")))) | M11: =IF(AND(K11>=1,K11<=30,J11>0),"Да","Не") | N11: =IF(J11=0,"Приключен",IF(AND(K11>=16,K11<=30,J11>=500),"Висок",IF(OR(K11>=16,J11>=300),"Среден","Нисък"))) | O11: =IF(J11=0,"Няма действие",IF(G11="Неоткрит","Повторно обаждане + SMS",IF(G11="Обещание за плащане","Проследи обещанието",IF(G11="Отказва плащане","Ескалация към старши",IF(G11="Частично плащане","Договори остатъка","Стандартен контакт"))))) | P11: =IFERROR(F11/E11,0)
A12: C011 | B12: Красимир Василев | C12: Мария | D12: 46174 | E12: 147 | F12: 147 | G12: Платено | I12: Няма отговор | J12: =MAX(0,E12-F12) | K12: =MAX(0,'Настройки'!$B$1-D12) | L12: =IF(K12=0,"Непросрочен",IF(K12<=5,"1-5 дни",IF(K12<=15,"6-15 дни",IF(K12<=30,"16-30 дни","30+ дни")))) | M12: =IF(AND(K12>=1,K12<=30,J12>0),"Да","Не") | N12: =IF(J12=0,"Приключен",IF(AND(K12>=16,K12<=30,J12>=500),"Висок",IF(OR(K12>=16,J12>=300),"Среден","Нисък"))) | O12: =IF(J12=0,"Няма действие",IF(G12="Неоткрит","Повторно обаждане + SMS",IF(G12="Обещание за плащане","Проследи обещанието",IF(G12="Отказва плащане","Ескалация към старши",IF(G12="Частично плащане","Договори остатъка","Стандартен контакт"))))) | P12: =IFERROR(F12/E12,0)
A13: C012 | B13: Цветелина Маринова | C13: Петър | D13: 46175 | E13: 284 | F13: 0 | G13: Обаден | I13: Иска SMS с IBAN | J13: =MAX(0,E13-F13) | K13: =MAX(0,'Настройки'!$B$1-D13) | L13: =IF(K13=0,"Непросрочен",IF(K13<=5,"1-5 дни",IF(K13<=15,"6-15 дни",IF(K13<=30,"16-30 дни","30+ дни")))) | M13: =IF(AND(K13>=1,K13<=30,J13>0),"Да","Не") | N13: =IF(J13=0,"Приключен",IF(AND(K13>=16,K13<=30,J13>=500),"Висок",IF(OR(K13>=16,J13>=300),"Среден","Нисък"))) | O13: =IF(J13=0,"Няма действие",IF(G13="Неоткрит","Повторно обаждане + SMS",IF(G13="Обещание за плащане","Проследи обещанието",IF(G13="Отказва плащане","Ескалация към старши",IF(G13="Частично плащане","Договори остатъка","Стандартен контакт"))))) | P13: =IFERROR(F13/E13,0)
A14: C013 | B14: Даниел Илиев | C14: Анна | D14: 46176 | E14: 421 | F14: 193.66 | G14: Частично плащане | I14: Ще плати след заплата | J14: =MAX(0,E14-F14) | K14: =MAX(0,'Настройки'!$B$1-D14) | L14: =IF(K14=0,"Непросрочен",IF(K14<=5,"1-5 дни",IF(K14<=15,"6-15 дни",IF(K14<=30,"16-30 дни","30+ дни")))) | M14: =IF(AND(K14>=1,K14<=30,J14>0),"Да","Не") | N14: =IF(J14=0,"Приключен",IF(AND(K14>=16,K14<=30,J14>=500),"Висок",IF(OR(K14>=16,J14>=300),"Среден","Нисък"))) | O14: =IF(J14=0,"Няма действие",IF(G14="Неоткрит","Повторно обаждане + SMS",IF(G14="Обещание за плащане","Проследи обещанието",IF(G14="Отказва плащане","Ескалация към старши",IF(G14="Частично плащане","Договори остатъка","Стандартен контакт"))))) | P14: =IFERROR(F14/E14,0)
A15: C014 | B15: Надежда Попова | C15: Георги | D15: 46177 | E15: 558 | F15: 0 | G15: Неоткрит | I15: Платил частично | J15: =MAX(0,E15-F15) | K15: =MAX(0,'Настройки'!$B$1-D15) | L15: =IF(K15=0,"Непросрочен",IF(K15<=5,"1-5 дни",IF(K15<=15,"6-15 дни",IF(K15<=30,"16-30 дни","30+ дни")))) | M15: =IF(AND(K15>=1,K15<=30,J15>0),"Да","Не") | N15: =IF(J15=0,"Приключен",IF(AND(K15>=16,K15<=30,J15>=500),"Висок",IF(OR(K15>=16,J15>=300),"Среден","Нисък"))) | O15: =IF(J15=0,"Няма действие",IF(G15="Неоткрит","Повторно обаждане + SMS",IF(G15="Обещание за плащане","Проследи обещанието",IF(G15="Отказва плащане","Ескалация към старши",IF(G15="Частично плащане","Договори остатъка","Стандартен контакт"))))) | P15: =IFERROR(F15/E15,0)
A16: C015 | B16: Калоян Михайлов | C16: Ива | D16: 46178 | E16: 695 | F16: 34.75 | G16: Обещание за плащане | H16: 46201 | I16: Оспорва начисление | J16: =MAX(0,E16-F16) | K16: =MAX(0,'Настройки'!$B$1-D16) | L16: =IF(K16=0,"Непросрочен",IF(K16<=5,"1-5 дни",IF(K16<=15,"6-15 дни",IF(K16<=30,"16-30 дни","30+ дни")))) | M16: =IF(AND(K16>=1,K16<=30,J16>0),"Да","Не") | N16: =IF(J16=0,"Приключен",IF(AND(K16>=16,K16<=30,J16>=500),"Висок",IF(OR(K16>=16,J16>=300),"Среден","Нисък"))) | O16: =IF(J16=0,"Няма действие",IF(G16="Неоткрит","Повторно обаждане + SMS",IF(G16="Обещание за плащане","Проследи обещанието",IF(G16="Отказва плащане","Ескалация към старши",IF(G16="Частично плащане","Договори остатъка","Стандартен контакт"))))) | P16: =IFERROR(F16/E16,0)
A17: C016 | B17: Радостина Алексиева | C17: Мария | D17: 46174 | E17: 832 | F17: 0 | G17: Отказва плащане | I17: Потвърдено плащане | J17: =MAX(0,E17-F17) | K17: =MAX(0,'Настройки'!$B$1-D17) | L17: =IF(K17=0,"Непросрочен",IF(K17<=5,"1-5 дни",IF(K17<=15,"6-15 дни",IF(K17<=30,"16-30 дни","30+ дни")))) | M17: =IF(AND(K17>=1,K17<=30,J17>0),"Да","Не") | N17: =IF(J17=0,"Приключен",IF(AND(K17>=16,K17<=30,J17>=500),"Висок",IF(OR(K17>=16,J17>=300),"Среден","Нисък"))) | O17: =IF(J17=0,"Няма действие",IF(G17="Неоткрит","Повторно обаждане + SMS",IF(G17="Обещание за плащане","Проследи обещанието",IF(G17="Отказва плащане","Ескалация към старши",IF(G17="Частично плащане","Договори остатъка","Стандартен контакт"))))) | P17: =IFERROR(F17/E17,0)
A18: C017 | B18: Пламен Симеонов | C18: Петър | D18: 46175 | E18: 969 | F18: 0 | G18: Неоткрит | I18: Нужен втори контакт | J18: =MAX(0,E18-F18) | K18: =MAX(0,'Настройки'!$B$1-D18) | L18: =IF(K18=0,"Непросрочен",IF(K18<=5,"1-5 дни",IF(K18<=15,"6-15 дни",IF(K18<=30,"16-30 дни","30+ дни")))) | M18: =IF(AND(K18>=1,K18<=30,J18>0),"Да","Не") | N18: =IF(J18=0,"Приключен",IF(AND(K18>=16,K18<=30,J18>=500),"Висок",IF(OR(K18>=16,J18>=300),"Среден","Нисък"))) | O18: =IF(J18=0,"Няма действие",IF(G18="Неоткрит","Повторно обаждане + SMS",IF(G18="Обещание за плащане","Проследи обещанието",IF(G18="Отказва плащане","Ескалация към старши",IF(G18="Частично плащане","Договори остатъка","Стандартен контакт"))))) | P18: =IFERROR(F18/E18,0)
A19: C018 | B19: Мартин Йорданов | C19: Анна | D19: 46176 | E19: 1106 | F19: 55.3 | G19: Обещание за плащане | H19: 46200 | I19: Да се провери лимит | J19: =MAX(0,E19-F19) | K19: =MAX(0,'Настройки'!$B$1-D19) | L19: =IF(K19=0,"Непросрочен",IF(K19<=5,"1-5 дни",IF(K19<=15,"6-15 дни",IF(K19<=30,"16-30 дни","30+ дни")))) | M19: =IF(AND(K19>=1,K19<=30,J19>0),"Да","Не") | N19: =IF(J19=0,"Приключен",IF(AND(K19>=16,K19<=30,J19>=500),"Висок",IF(OR(K19>=16,J19>=300),"Среден","Нисък"))) | O19: =IF(J19=0,"Няма действие",IF(G19="Неоткрит","Повторно обаждане + SMS",IF(G19="Обещание за плащане","Проследи обещанието",IF(G19="Отказва плащане","Ескалация към старши",IF(G19="Частично плащане","Договори остатъка","Стандартен контакт"))))) | P19: =IFERROR(F19/E19,0)
A20: C019 | B20: Силвия Стоянова | C20: Георги | D20: 46177 | E20: 1243 | F20: 0 | G20: Отказва плащане | I20: Иска разсрочване | J20: =MAX(0,E20-F20) | K20: =MAX(0,'Настройки'!$B$1-D20) | L20: =IF(K20=0,"Непросрочен",IF(K20<=5,"1-5 дни",IF(K20<=15,"6-15 дни",IF(K20<=30,"16-30 дни","30+ дни")))) | M20: =IF(AND(K20>=1,K20<=30,J20>0),"Да","Не") | N20: =IF(J20=0,"Приключен",IF(AND(K20>=16,K20<=30,J20>=500),"Висок",IF(OR(K20>=16,J20>=300),"Среден","Нисък"))) | O20: =IF(J20=0,"Няма действие",IF(G20="Неоткрит","Повторно обаждане + SMS",IF(G20="Обещание за плащане","Проследи обещанието",IF(G20="Отказва плащане","Ескалация към старши",IF(G20="Частично плащане","Договори остатъка","Стандартен контакт"))))) | P20: =IFERROR(F20/E20,0)
A21: C020 | B21: Теодор Василев | C21: Ива | D21: 46178 | E21: 1380 | F21: 0 | G21: Неоткрит | I21: Кратък разговор | J21: =MAX(0,E21-F21) | K21: =MAX(0,'Настройки'!$B$1-D21) | L21: =IF(K21=0,"Непросрочен",IF(K21<=5,"1-5 дни",IF(K21<=15,"6-15 дни",IF(K21<=30,"16-30 дни","30+ дни")))) | M21: =IF(AND(K21>=1,K21<=30,J21>0),"Да","Не") | N21: =IF(J21=0,"Приключен",IF(AND(K21>=16,K21<=30,J21>=500),"Висок",IF(OR(K21>=16,J21>=300),"Среден","Нисък"))) | O21: =IF(J21=0,"Няма действие",IF(G21="Неоткрит","Повторно обаждане + SMS",IF(G21="Обещание за плащане","Проследи обещанието",IF(G21="Отказва плащане","Ескалация към старши",IF(G21="Частично плащане","Договори остатъка","Стандартен контакт"))))) | P21: =IFERROR(F21/E21,0)
A22: C021 | B22: Ралица Димова | C22: Мария | D22: 46174 | E22: 1517 | F22: 455.1 | G22: Частично плащане | I22: Няма отговор | J22: =MAX(0,E22-F22) | K22: =MAX(0,'Настройки'!$B$1-D22) | L22: =IF(K22=0,"Непросрочен",IF(K22<=5,"1-5 дни",IF(K22<=15,"6-15 дни",IF(K22<=30,"16-30 дни","30+ дни")))) | M22: =IF(AND(K22>=1,K22<=30,J22>0),"Да","Не") | N22: =IF(J22=0,"Приключен",IF(AND(K22>=16,K22<=30,J22>=500),"Висок",IF(OR(K22>=16,J22>=300),"Среден","Нисък"))) | O22: =IF(J22=0,"Няма действие",IF(G22="Неоткрит","Повторно обаждане + SMS",IF(G22="Обещание за плащане","Проследи обещанието",IF(G22="Отказва плащане","Ескалация към старши",IF(G22="Частично плащане","Договори остатъка","Стандартен контакт"))))) | P22: =IFERROR(F22/E22,0)
A23: C022 | B23: Асен Христов | C23: Петър | D23: 46175 | E23: 204 | F23: 204 | G23: Платено | I23: Иска SMS с IBAN | J23: =MAX(0,E23-F23) | K23: =MAX(0,'Настройки'!$B$1-D23) | L23: =IF(K23=0,"Непросрочен",IF(K23<=5,"1-5 дни",IF(K23<=15,"6-15 дни",IF(K23<=30,"16-30 дни","30+ дни")))) | M23: =IF(AND(K23>=1,K23<=30,J23>0),"Да","Не") | N23: =IF(J23=0,"Приключен",IF(AND(K23>=16,K23<=30,J23>=500),"Висок",IF(OR(K23>=16,J23>=300),"Среден","Нисък"))) | O23: =IF(J23=0,"Няма действие",IF(G23="Неоткрит","Повторно обаждане + SMS",IF(G23="Обещание за плащане","Проследи обещанието",IF(G23="Отказва плащане","Ескалация към старши",IF(G23="Частично плащане","Договори остатъка","Стандартен контакт"))))) | P23: =IFERROR(F23/E23,0)
A24: C023 | B24: Лилия Маринова | C24: Анна | D24: 46176 | E24: 341 | F24: 341 | G24: Платено | I24: Ще плати след заплата | J24: =MAX(0,E24-F24) | K24: =MAX(0,'Настройки'!$B$1-D24) | L24: =IF(K24=0,"Непросрочен",IF(K24<=5,"1-5 дни",IF(K24<=15,"6-15 дни",IF(K24<=30,"16-30 дни","30+ дни")))) | M24: =IF(AND(K24>=1,K24<=30,J24>0),"Да","Не") | N24: =IF(J24=0,"Приключен",IF(AND(K24>=16,K24<=30,J24>=500),"Висок",IF(OR(K24>=16,J24>=300),"Среден","Нисък"))) | O24: =IF(J24=0,"Няма действие",IF(G24="Неоткрит","Повторно обаждане + SMS",IF(G24="Обещание за плащане","Проследи обещанието",IF(G24="Отказва плащане","Ескалация към старши",IF(G24="Частично плащане","Договори остатъка","Стандартен контакт"))))) | P24: =IFERROR(F24/E24,0)
A25: C024 | B25: Таня Николова | C25: Георги | D25: 46177 | E25: 478 | F25: 258.12 | G25: Частично плащане | I25: Платил частично | J25: =MAX(0,E25-F25) | K25: =MAX(0,'Настройки'!$B$1-D25) | L25: =IF(K25=0,"Непросрочен",IF(K25<=5,"1-5 дни",IF(K25<=15,"6-15 дни",IF(K25<=30,"16-30 дни","30+ дни")))) | M25: =IF(AND(K25>=1,K25<=30,J25>0),"Да","Не") | N25: =IF(J25=0,"Приключен",IF(AND(K25>=16,K25<=30,J25>=500),"Висок",IF(OR(K25>=16,J25>=300),"Среден","Нисък"))) | O25: =IF(J25=0,"Няма действие",IF(G25="Неоткрит","Повторно обаждане + SMS",IF(G25="Обещание за плащане","Проследи обещанието",IF(G25="Отказва плащане","Ескалация към старши",IF(G25="Частично плащане","Договори остатъка","Стандартен контакт"))))) | P25: =IFERROR(F25/E25,0)
A26: C025 | B26: Валентин Костов | C26: Ива | D26: 46178 | E26: 615 | F26: 615 | G26: Платено | I26: Оспорва начисление | J26: =MAX(0,E26-F26) | K26: =MAX(0,'Настройки'!$B$1-D26) | L26: =IF(K26=0,"Непросрочен",IF(K26<=5,"1-5 дни",IF(K26<=15,"6-15 дни",IF(K26<=30,"16-30 дни","30+ дни")))) | M26: =IF(AND(K26>=1,K26<=30,J26>0),"Да","Не") | N26: =IF(J26=0,"Приключен",IF(AND(K26>=16,K26<=30,J26>=500),"Висок",IF(OR(K26>=16,J26>=300),"Среден","Нисък"))) | O26: =IF(J26=0,"Няма действие",IF(G26="Неоткрит","Повторно обаждане + SMS",IF(G26="Обещание за плащане","Проследи обещанието",IF(G26="Отказва плащане","Ескалация към старши",IF(G26="Частично плащане","Договори остатъка","Стандартен контакт"))))) | P26: =IFERROR(F26/E26,0)
A27: C026 | B27: Мария Тодорова | C27: Мария | D27: 46174 | E27: 752 | F27: 0 | G27: Обаден | I27: Потвърдено плащане | J27: =MAX(0,E27-F27) | K27: =MAX(0,'Настройки'!$B$1-D27) | L27: =IF(K27=0,"Непросрочен",IF(K27<=5,"1-5 дни",IF(K27<=15,"6-15 дни",IF(K27<=30,"16-30 дни","30+ дни")))) | M27: =IF(AND(K27>=1,K27<=30,J27>0),"Да","Не") | N27: =IF(J27=0,"Приключен",IF(AND(K27>=16,K27<=30,J27>=500),"Висок",IF(OR(K27>=16,J27>=300),"Среден","Нисък"))) | O27: =IF(J27=0,"Няма действие",IF(G27="Неоткрит","Повторно обаждане + SMS",IF(G27="Обещание за плащане","Проследи обещанието",IF(G27="Отказва плащане","Ескалация към старши",IF(G27="Частично плащане","Договори остатъка","Стандартен контакт"))))) | P27: =IFERROR(F27/E27,0)
A28: C027 | B28: Ивайло Попов | C28: Петър | D28: 46175 | E28: 889 | F28: 337.82 | G28: Частично плащане | I28: Нужен втори контакт | J28: =MAX(0,E28-F28) | K28: =MAX(0,'Настройки'!$B$1-D28) | L28: =IF(K28=0,"Непросрочен",IF(K28<=5,"1-5 дни",IF(K28<=15,"6-15 дни",IF(K28<=30,"16-30 дни","30+ дни")))) | M28: =IF(AND(K28>=1,K28<=30,J28>0),"Да","Не") | N28: =IF(J28=0,"Приключен",IF(AND(K28>=16,K28<=30,J28>=500),"Висок",IF(OR(K28>=16,J28>=300),"Среден","Нисък"))) | O28: =IF(J28=0,"Няма действие",IF(G28="Неоткрит","Повторно обаждане + SMS",IF(G28="Обещание за плащане","Проследи обещанието",IF(G28="Отказва плащане","Ескалация към старши",IF(G28="Частично плащане","Договори остатъка","Стандартен контакт"))))) | P28: =IFERROR(F28/E28,0)
A29: C028 | B29: Антония Илиева | C29: Анна | D29: 46176 | E29: 1026 | F29: 0 | G29: Неоткрит | I29: Да се провери лимит | J29: =MAX(0,E29-F29) | K29: =MAX(0,'Настройки'!$B$1-D29) | L29: =IF(K29=0,"Непросрочен",IF(K29<=5,"1-5 дни",IF(K29<=15,"6-15 дни",IF(K29<=30,"16-30 дни","30+ дни")))) | M29: =IF(AND(K29>=1,K29<=30,J29>0),"Да","Не") | N29: =IF(J29=0,"Приключен",IF(AND(K29>=16,K29<=30,J29>=500),"Висок",IF(OR(K29>=16,J29>=300),"Среден","Нисък"))) | O29: =IF(J29=0,"Няма действие",IF(G29="Неоткрит","Повторно обаждане + SMS",IF(G29="Обещание за плащане","Проследи обещанието",IF(G29="Отказва плащане","Ескалация към старши",IF(G29="Частично плащане","Договори остатъка","Стандартен контакт"))))) | P29: =IFERROR(F29/E29,0)
A30: C029 | B30: Габриела Пенева | C30: Георги | D30: 46177 | E30: 1163 | F30: 0 | G30: Обещание за плащане | H30: 46199 | I30: Иска разсрочване | J30: =MAX(0,E30-F30) | K30: =MAX(0,'Настройки'!$B$1-D30) | L30: =IF(K30=0,"Непросрочен",IF(K30<=5,"1-5 дни",IF(K30<=15,"6-15 дни",IF(K30<=30,"16-30 дни","30+ дни")))) | M30: =IF(AND(K30>=1,K30<=30,J30>0),"Да","Не") | N30: =IF(J30=0,"Приключен",IF(AND(K30>=16,K30<=30,J30>=500),"Висок",IF(OR(K30>=16,J30>=300),"Среден","Нисък"))) | O30: =IF(J30=0,"Няма действие",IF(G30="Неоткрит","Повторно обаждане + SMS",IF(G30="Обещание за плащане","Проследи обещанието",IF(G30="Отказва плащане","Ескалация към старши",IF(G30="Частично плащане","Договори остатъка","Стандартен контакт"))))) | P30: =IFERROR(F30/E30,0)
A31: C030 | B31: Димитър Стоев | C31: Ива | D31: 46178 | E31: 1300 | F31: 0 | G31: Отказва плащане | I31: Кратък разговор | J31: =MAX(0,E31-F31) | K31: =MAX(0,'Настройки'!$B$1-D31) | L31: =IF(K31=0,"Непросрочен",IF(K31<=5,"1-5 дни",IF(K31<=15,"6-15 дни",IF(K31<=30,"16-30 дни","30+ дни")))) | M31: =IF(AND(K31>=1,K31<=30,J31>0),"Да","Не") | N31: =IF(J31=0,"Приключен",IF(AND(K31>=16,K31<=30,J31>=500),"Висок",IF(OR(K31>=16,J31>=300),"Среден","Нисък"))) | O31: =IF(J31=0,"Няма действие",IF(G31="Неоткрит","Повторно обаждане + SMS",IF(G31="Обещание за плащане","Проследи обещанието",IF(G31="Отказва плащане","Ескалация към старши",IF(G31="Частично плащане","Договори остатъка","Стандартен контакт"))))) | P31: =IFERROR(F31/E31,0)
A32: C031 | B32: Петя Ангелова | C32: Мария | D32: 46174 | E32: 1437 | F32: 0 | G32: Неоткрит | I32: Няма отговор | J32: =MAX(0,E32-F32) | K32: =MAX(0,'Настройки'!$B$1-D32) | L32: =IF(K32=0,"Непросрочен",IF(K32<=5,"1-5 дни",IF(K32<=15,"6-15 дни",IF(K32<=30,"16-30 дни","30+ дни")))) | M32: =IF(AND(K32>=1,K32<=30,J32>0),"Да","Не") | N32: =IF(J32=0,"Приключен",IF(AND(K32>=16,K32<=30,J32>=500),"Висок",IF(OR(K32>=16,J32>=300),"Среден","Нисък"))) | O32: =IF(J32=0,"Няма действие",IF(G32="Неоткрит","Повторно обаждане + SMS",IF(G32="Обещание за плащане","Проследи обещанието",IF(G32="Отказва плащане","Ескалация към старши",IF(G32="Частично плащане","Договори остатъка","Стандартен контакт"))))) | P32: =IFERROR(F32/E32,0)
A33: C032 | B33: Явор Георгиев | C33: Петър | D33: 46175 | E33: 124 | F33: 0 | G33: Обещание за плащане | H33: 46198 | I33: Иска SMS с IBAN | J33: =MAX(0,E33-F33) | K33: =MAX(0,'Настройки'!$B$1-D33) | L33: =IF(K33=0,"Непросрочен",IF(K33<=5,"1-5 дни",IF(K33<=15,"6-15 дни",IF(K33<=30,"16-30 дни","30+ дни")))) | M33: =IF(AND(K33>=1,K33<=30,J33>0),"Да","Не") | N33: =IF(J33=0,"Приключен",IF(AND(K33>=16,K33<=30,J33>=500),"Висок",IF(OR(K33>=16,J33>=300),"Среден","Нисък"))) | O33: =IF(J33=0,"Няма действие",IF(G33="Неоткрит","Повторно обаждане + SMS",IF(G33="Обещание за плащане","Проследи обещанието",IF(G33="Отказва плащане","Ескалация към старши",IF(G33="Частично плащане","Договори остатъка","Стандартен контакт"))))) | P33: =IFERROR(F33/E33,0)
A34: C033 | B34: Росен Киров | C34: Анна | D34: 46176 | E34: 261 | F34: 7.83 | G34: Отказва плащане | I34: Ще плати след заплата | J34: =MAX(0,E34-F34) | K34: =MAX(0,'Настройки'!$B$1-D34) | L34: =IF(K34=0,"Непросрочен",IF(K34<=5,"1-5 дни",IF(K34<=15,"6-15 дни",IF(K34<=30,"16-30 дни","30+ дни")))) | M34: =IF(AND(K34>=1,K34<=30,J34>0),"Да","Не") | N34: =IF(J34=0,"Приключен",IF(AND(K34>=16,K34<=30,J34>=500),"Висок",IF(OR(K34>=16,J34>=300),"Среден","Нисък"))) | O34: =IF(J34=0,"Няма действие",IF(G34="Неоткрит","Повторно обаждане + SMS",IF(G34="Обещание за плащане","Проследи обещанието",IF(G34="Отказва плащане","Ескалация към старши",IF(G34="Частично плащане","Договори остатъка","Стандартен контакт"))))) | P34: =IFERROR(F34/E34,0)
A35: C034 | B35: Соня Михайлова | C35: Георги | D35: 46177 | E35: 398 | F35: 0 | G35: Неоткрит | I35: Платил частично | J35: =MAX(0,E35-F35) | K35: =MAX(0,'Настройки'!$B$1-D35) | L35: =IF(K35=0,"Непросрочен",IF(K35<=5,"1-5 дни",IF(K35<=15,"6-15 дни",IF(K35<=30,"16-30 дни","30+ дни")))) | M35: =IF(AND(K35>=1,K35<=30,J35>0),"Да","Не") | N35: =IF(J35=0,"Приключен",IF(AND(K35>=16,K35<=30,J35>=500),"Висок",IF(OR(K35>=16,J35>=300),"Среден","Нисък"))) | O35: =IF(J35=0,"Няма действие",IF(G35="Неоткрит","Повторно обаждане + SMS",IF(G35="Обещание за плащане","Проследи обещанието",IF(G35="Отказва плащане","Ескалация към старши",IF(G35="Частично плащане","Договори остатъка","Стандартен контакт"))))) | P35: =IFERROR(F35/E35,0)
A36: C035 | B36: Александър Борисов | C36: Ива | D36: 46178 | E36: 535 | F36: 117.7 | G36: Частично плащане | I36: Оспорва начисление | J36: =MAX(0,E36-F36) | K36: =MAX(0,'Настройки'!$B$1-D36) | L36: =IF(K36=0,"Непросрочен",IF(K36<=5,"1-5 дни",IF(K36<=15,"6-15 дни",IF(K36<=30,"16-30 дни","30+ дни")))) | M36: =IF(AND(K36>=1,K36<=30,J36>0),"Да","Не") | N36: =IF(J36=0,"Приключен",IF(AND(K36>=16,K36<=30,J36>=500),"Висок",IF(OR(K36>=16,J36>=300),"Среден","Нисък"))) | O36: =IF(J36=0,"Няма действие",IF(G36="Неоткрит","Повторно обаждане + SMS",IF(G36="Обещание за плащане","Проследи обещанието",IF(G36="Отказва плащане","Ескалация към старши",IF(G36="Частично плащане","Договори остатъка","Стандартен контакт"))))) | P36: =IFERROR(F36/E36,0)
A37: C036 | B37: Мирослав Данчев | C37: Мария | D37: 46174 | E37: 672 | F37: 672 | G37: Платено | I37: Потвърдено плащане | J37: =MAX(0,E37-F37) | K37: =MAX(0,'Настройки'!$B$1-D37) | L37: =IF(K37=0,"Непросрочен",IF(K37<=5,"1-5 дни",IF(K37<=15,"6-15 дни",IF(K37<=30,"16-30 дни","30+ дни")))) | M37: =IF(AND(K37>=1,K37<=30,J37>0),"Да","Не") | N37: =IF(J37=0,"Приключен",IF(AND(K37>=16,K37<=30,J37>=500),"Висок",IF(OR(K37>=16,J37>=300),"Среден","Нисък"))) | O37: =IF(J37=0,"Няма действие",IF(G37="Неоткрит","Повторно обаждане + SMS",IF(G37="Обещание за плащане","Проследи обещанието",IF(G37="Отказва плащане","Ескалация към старши",IF(G37="Частично плащане","Договори остатъка","Стандартен контакт"))))) | P37: =IFERROR(F37/E37,0)
A38: C037 | B38: Илия Павлов | C38: Петър | D38: 46175 | E38: 809 | F38: 809 | G38: Платено | I38: Нужен втори контакт | J38: =MAX(0,E38-F38) | K38: =MAX(0,'Настройки'!$B$1-D38) | L38: =IF(K38=0,"Непросрочен",IF(K38<=5,"1-5 дни",IF(K38<=15,"6-15 дни",IF(K38<=30,"16-30 дни","30+ дни")))) | M38: =IF(AND(K38>=1,K38<=30,J38>0),"Да","Не") | N38: =IF(J38=0,"Приключен",IF(AND(K38>=16,K38<=30,J38>=500),"Висок",IF(OR(K38>=16,J38>=300),"Среден","Нисък"))) | O38: =IF(J38=0,"Няма действие",IF(G38="Неоткрит","Повторно обаждане + SMS",IF(G38="Обещание за плащане","Проследи обещанието",IF(G38="Отказва плащане","Ескалация към старши",IF(G38="Частично плащане","Договори остатъка","Стандартен контакт"))))) | P38: =IFERROR(F38/E38,0)
A39: C038 | B39: Нели Христова | C39: Анна | D39: 46176 | E39: 946 | F39: 435.16 | G39: Частично плащане | I39: Да се провери лимит | J39: =MAX(0,E39-F39) | K39: =MAX(0,'Настройки'!$B$1-D39) | L39: =IF(K39=0,"Непросрочен",IF(K39<=5,"1-5 дни",IF(K39<=15,"6-15 дни",IF(K39<=30,"16-30 дни","30+ дни")))) | M39: =IF(AND(K39>=1,K39<=30,J39>0),"Да","Не") | N39: =IF(J39=0,"Приключен",IF(AND(K39>=16,K39<=30,J39>=500),"Висок",IF(OR(K39>=16,J39>=300),"Среден","Нисък"))) | O39: =IF(J39=0,"Няма действие",IF(G39="Неоткрит","Повторно обаждане + SMS",IF(G39="Обещание за плащане","Проследи обещанието",IF(G39="Отказва плащане","Ескалация към старши",IF(G39="Частично плащане","Договори остатъка","Стандартен контакт"))))) | P39: =IFERROR(F39/E39,0)
A40: C039 | B40: Биляна Василева | C40: Георги | D40: 46177 | E40: 1083 | F40: 1083 | G40: Платено | I40: Иска разсрочване | J40: =MAX(0,E40-F40) | K40: =MAX(0,'Настройки'!$B$1-D40) | L40: =IF(K40=0,"Непросрочен",IF(K40<=5,"1-5 дни",IF(K40<=15,"6-15 дни",IF(K40<=30,"16-30 дни","30+ дни")))) | M40: =IF(AND(K40>=1,K40<=30,J40>0),"Да","Не") | N40: =IF(J40=0,"Приключен",IF(AND(K40>=16,K40<=30,J40>=500),"Висок",IF(OR(K40>=16,J40>=300),"Среден","Нисък"))) | O40: =IF(J40=0,"Няма действие",IF(G40="Неоткрит","Повторно обаждане + SMS",IF(G40="Обещание за плащане","Проследи обещанието",IF(G40="Отказва плащане","Ескалация към старши",IF(G40="Частично плащане","Договори остатъка","Стандартен контакт"))))) | P40: =IFERROR(F40/E40,0)
A41: C040 | B41: Васил Трендафилов | C41: Ива | D41: 46178 | E41: 1220 | F41: 0 | G41: Обаден | I41: Кратък разговор | J41: =MAX(0,E41-F41) | K41: =MAX(0,'Настройки'!$B$1-D41) | L41: =IF(K41=0,"Непросрочен",IF(K41<=5,"1-5 дни",IF(K41<=15,"6-15 дни",IF(K41<=30,"16-30 дни","30+ дни")))) | M41: =IF(AND(K41>=1,K41<=30,J41>0),"Да","Не") | N41: =IF(J41=0,"Приключен",IF(AND(K41>=16,K41<=30,J41>=500),"Висок",IF(OR(K41>=16,J41>=300),"Среден","Нисък"))) | O41: =IF(J41=0,"Няма действие",IF(G41="Неоткрит","Повторно обаждане + SMS",IF(G41="Обещание за плащане","Проследи обещанието",IF(G41="Отказва плащане","Ескалация към старши",IF(G41="Частично плащане","Договори остатъка","Стандартен контакт"))))) | P41: =IFERROR(F41/E41,0)
A42: C041 | B42: Дора Иванова | C42: Мария | D42: 46174 | E42: 1357 | F42: 407.1 | G42: Частично плащане | I42: Няма отговор | J42: =MAX(0,E42-F42) | K42: =MAX(0,'Настройки'!$B$1-D42) | L42: =IF(K42=0,"Непросрочен",IF(K42<=5,"1-5 дни",IF(K42<=15,"6-15 дни",IF(K42<=30,"16-30 дни","30+ дни")))) | M42: =IF(AND(K42>=1,K42<=30,J42>0),"Да","Не") | N42: =IF(J42=0,"Приключен",IF(AND(K42>=16,K42<=30,J42>=500),"Висок",IF(OR(K42>=16,J42>=300),"Среден","Нисък"))) | O42: =IF(J42=0,"Няма действие",IF(G42="Неоткрит","Повторно обаждане + SMS",IF(G42="Обещание за плащане","Проследи обещанието",IF(G42="Отказва плащане","Ескалация към старши",IF(G42="Частично плащане","Договори остатъка","Стандартен контакт"))))) | P42: =IFERROR(F42/E42,0)
A43: C042 | B43: Камен Петров | C43: Петър | D43: 46175 | E43: 1494 | F43: 0 | G43: Неоткрит | I43: Иска SMS с IBAN | J43: =MAX(0,E43-F43) | K43: =MAX(0,'Настройки'!$B$1-D43) | L43: =IF(K43=0,"Непросрочен",IF(K43<=5,"1-5 дни",IF(K43<=15,"6-15 дни",IF(K43<=30,"16-30 дни","30+ дни")))) | M43: =IF(AND(K43>=1,K43<=30,J43>0),"Да","Не") | N43: =IF(J43=0,"Приключен",IF(AND(K43>=16,K43<=30,J43>=500),"Висок",IF(OR(K43>=16,J43>=300),"Среден","Нисък"))) | O43: =IF(J43=0,"Няма действие",IF(G43="Неоткрит","Повторно обаждане + SMS",IF(G43="Обещание за плащане","Проследи обещанието",IF(G43="Отказва плащане","Ескалация към старши",IF(G43="Частично плащане","Договори остатъка","Стандартен контакт"))))) | P43: =IFERROR(F43/E43,0)
A44: C043 | B44: Жана Колева | C44: Анна | D44: 46176 | E44: 181 | F44: 0 | G44: Обещание за плащане | H44: 46201 | I44: Ще плати след заплата | J44: =MAX(0,E44-F44) | K44: =MAX(0,'Настройки'!$B$1-D44) | L44: =IF(K44=0,"Непросрочен",IF(K44<=5,"1-5 дни",IF(K44<=15,"6-15 дни",IF(K44<=30,"16-30 дни","30+ дни")))) | M44: =IF(AND(K44>=1,K44<=30,J44>0),"Да","Не") | N44: =IF(J44=0,"Приключен",IF(AND(K44>=16,K44<=30,J44>=500),"Висок",IF(OR(K44>=16,J44>=300),"Среден","Нисък"))) | O44: =IF(J44=0,"Няма действие",IF(G44="Неоткрит","Повторно обаждане + SMS",IF(G44="Обещание за плащане","Проследи обещанието",IF(G44="Отказва плащане","Ескалация към старши",IF(G44="Частично плащане","Договори остатъка","Стандартен контакт"))))) | P44: =IFERROR(F44/E44,0)
A45: C044 | B45: Михаела Стефанова | C45: Георги | D45: 46177 | E45: 318 | F45: 9.54 | G45: Отказва плащане | I45: Платил частично | J45: =MAX(0,E45-F45) | K45: =MAX(0,'Настройки'!$B$1-D45) | L45: =IF(K45=0,"Непросрочен",IF(K45<=5,"1-5 дни",IF(K45<=15,"6-15 дни",IF(K45<=30,"16-30 дни","30+ дни")))) | M45: =IF(AND(K45>=1,K45<=30,J45>0),"Да","Не") | N45: =IF(J45=0,"Приключен",IF(AND(K45>=16,K45<=30,J45>=500),"Висок",IF(OR(K45>=16,J45>=300),"Среден","Нисък"))) | O45: =IF(J45=0,"Няма действие",IF(G45="Неоткрит","Повторно обаждане + SMS",IF(G45="Обещание за плащане","Проследи обещанието",IF(G45="Отказва плащане","Ескалация към старши",IF(G45="Частично плащане","Договори остатъка","Стандартен контакт"))))) | P45: =IFERROR(F45/E45,0)
A46: C045 | B46: Любомир Радев | C46: Ива | D46: 46178 | E46: 455 | F46: 0 | G46: Неоткрит | I46: Оспорва начисление | J46: =MAX(0,E46-F46) | K46: =MAX(0,'Настройки'!$B$1-D46) | L46: =IF(K46=0,"Непросрочен",IF(K46<=5,"1-5 дни",IF(K46<=15,"6-15 дни",IF(K46<=30,"16-30 дни","30+ дни")))) | M46: =IF(AND(K46>=1,K46<=30,J46>0),"Да","Не") | N46: =IF(J46=0,"Приключен",IF(AND(K46>=16,K46<=30,J46>=500),"Висок",IF(OR(K46>=16,J46>=300),"Среден","Нисък"))) | O46: =IF(J46=0,"Няма действие",IF(G46="Неоткрит","Повторно обаждане + SMS",IF(G46="Обещание за плащане","Проследи обещанието",IF(G46="Отказва плащане","Ескалация към старши",IF(G46="Частично плащане","Договори остатъка","Стандартен контакт"))))) | P46: =IFERROR(F46/E46,0)
A47: C046 | B47: Станислав Драганов | C47: Мария | D47: 46174 | E47: 592 | F47: 0 | G47: Обещание за плащане | H47: 46200 | I47: Потвърдено плащане | J47: =MAX(0,E47-F47) | K47: =MAX(0,'Настройки'!$B$1-D47) | L47: =IF(K47=0,"Непросрочен",IF(K47<=5,"1-5 дни",IF(K47<=15,"6-15 дни",IF(K47<=30,"16-30 дни","30+ дни")))) | M47: =IF(AND(K47>=1,K47<=30,J47>0),"Да","Не") | N47: =IF(J47=0,"Приключен",IF(AND(K47>=16,K47<=30,J47>=500),"Висок",IF(OR(K47>=16,J47>=300),"Среден","Нисък"))) | O47: =IF(J47=0,"Няма действие",IF(G47="Неоткрит","Повторно обаждане + SMS",IF(G47="Обещание за плащане","Проследи обещанието",IF(G47="Отказва плащане","Ескалация към старши",IF(G47="Частично плащане","Договори остатъка","Стандартен контакт"))))) | P47: =IFERROR(F47/E47,0)
A48: C047 | B48: Емил Стоянов | C48: Петър | D48: 46175 | E48: 729 | F48: 0 | G48: Отказва плащане | I48: Нужен втори контакт | J48: =MAX(0,E48-F48) | K48: =MAX(0,'Настройки'!$B$1-D48) | L48: =IF(K48=0,"Непросрочен",IF(K48<=5,"1-5 дни",IF(K48<=15,"6-15 дни",IF(K48<=30,"16-30 дни","30+ дни")))) | M48: =IF(AND(K48>=1,K48<=30,J48>0),"Да","Не") | N48: =IF(J48=0,"Приключен",IF(AND(K48>=16,K48<=30,J48>=500),"Висок",IF(OR(K48>=16,J48>=300),"Среден","Нисък"))) | O48: =IF(J48=0,"Няма действие",IF(G48="Неоткрит","Повторно обаждане + SMS",IF(G48="Обещание за плащане","Проследи обещанието",IF(G48="Отказва плащане","Ескалация към старши",IF(G48="Частично плащане","Договори остатъка","Стандартен контакт"))))) | P48: =IFERROR(F48/E48,0)
A49: C048 | B49: Кристина Тодорова | C49: Анна | D49: 46176 | E49: 866 | F49: 0 | G49: Неоткрит | I49: Да се провери лимит | J49: =MAX(0,E49-F49) | K49: =MAX(0,'Настройки'!$B$1-D49) | L49: =IF(K49=0,"Непросрочен",IF(K49<=5,"1-5 дни",IF(K49<=15,"6-15 дни",IF(K49<=30,"16-30 дни","30+ дни")))) | M49: =IF(AND(K49>=1,K49<=30,J49>0),"Да","Не") | N49: =IF(J49=0,"Приключен",IF(AND(K49>=16,K49<=30,J49>=500),"Висок",IF(OR(K49>=16,J49>=300),"Среден","Нисък"))) | O49: =IF(J49=0,"Няма действие",IF(G49="Неоткрит","Повторно обаждане + SMS",IF(G49="Обещание за плащане","Проследи обещанието",IF(G49="Отказва плащане","Ескалация към старши",IF(G49="Частично плащане","Договори остатъка","Стандартен контакт"))))) | P49: =IFERROR(F49/E49,0)
A50: C049 | B50: Деян Николов | C50: Георги | D50: 46177 | E50: 1003 | F50: 541.62 | G50: Частично плащане | I50: Иска разсрочване | J50: =MAX(0,E50-F50) | K50: =MAX(0,'Настройки'!$B$1-D50) | L50: =IF(K50=0,"Непросрочен",IF(K50<=5,"1-5 дни",IF(K50<=15,"6-15 дни",IF(K50<=30,"16-30 дни","30+ дни")))) | M50: =IF(AND(K50>=1,K50<=30,J50>0),"Да","Не") | N50: =IF(J50=0,"Приключен",IF(AND(K50>=16,K50<=30,J50>=500),"Висок",IF(OR(K50>=16,J50>=300),"Среден","Нисък"))) | O50: =IF(J50=0,"Няма действие",IF(G50="Неоткрит","Повторно обаждане + SMS",IF(G50="Обещание за плащане","Проследи обещанието",IF(G50="Отказва плащане","Ескалация към старши",IF(G50="Частично плащане","Договори остатъка","Стандартен контакт"))))) | P50: =IFERROR(F50/E50,0)
A51: C050 | B51: Румен Ангелов | C51: Ива | D51: 46178 | E51: 1140 | F51: 1140 | G51: Платено | I51: Кратък разговор | J51: =MAX(0,E51-F51) | K51: =MAX(0,'Настройки'!$B$1-D51) | L51: =IF(K51=0,"Непросрочен",IF(K51<=5,"1-5 дни",IF(K51<=15,"6-15 дни",IF(K51<=30,"16-30 дни","30+ дни")))) | M51: =IF(AND(K51>=1,K51<=30,J51>0),"Да","Не") | N51: =IF(J51=0,"Приключен",IF(AND(K51>=16,K51<=30,J51>=500),"Висок",IF(OR(K51>=16,J51>=300),"Среден","Нисък"))) | O51: =IF(J51=0,"Няма действие",IF(G51="Неоткрит","Повторно обаждане + SMS",IF(G51="Обещание за плащане","Проследи обещанието",IF(G51="Отказва плащане","Ескалация към старши",IF(G51="Частично плащане","Договори остатъка","Стандартен контакт"))))) | P51: =IFERROR(F51/E51,0)
A52: C051 | B52: Ева Димитрова | C52: Мария | D52: 46174 | E52: 1277 | F52: 0 | G52: Обаден | I52: Няма отговор | J52: =MAX(0,E52-F52) | K52: =MAX(0,'Настройки'!$B$1-D52) | L52: =IF(K52=0,"Непросрочен",IF(K52<=5,"1-5 дни",IF(K52<=15,"6-15 дни",IF(K52<=30,"16-30 дни","30+ дни")))) | M52: =IF(AND(K52>=1,K52<=30,J52>0),"Да","Не") | N52: =IF(J52=0,"Приключен",IF(AND(K52>=16,K52<=30,J52>=500),"Висок",IF(OR(K52>=16,J52>=300),"Среден","Нисък"))) | O52: =IF(J52=0,"Няма действие",IF(G52="Неоткрит","Повторно обаждане + SMS",IF(G52="Обещание за плащане","Проследи обещанието",IF(G52="Отказва плащане","Ескалация към старши",IF(G52="Частично плащане","Договори остатъка","Стандартен контакт"))))) | P52: =IFERROR(F52/E52,0)
A53: C052 | B53: Алекс Петров | C53: Петър | D53: 46175 | E53: 1414 | F53: 1414 | G53: Платено | I53: Иска SMS с IBAN | J53: =MAX(0,E53-F53) | K53: =MAX(0,'Настройки'!$B$1-D53) | L53: =IF(K53=0,"Непросрочен",IF(K53<=5,"1-5 дни",IF(K53<=15,"6-15 дни",IF(K53<=30,"16-30 дни","30+ дни")))) | M53: =IF(AND(K53>=1,K53<=30,J53>0),"Да","Не") | N53: =IF(J53=0,"Приключен",IF(AND(K53>=16,K53<=30,J53>=500),"Висок",IF(OR(K53>=16,J53>=300),"Среден","Нисък"))) | O53: =IF(J53=0,"Няма действие",IF(G53="Неоткрит","Повторно обаждане + SMS",IF(G53="Обещание за плащане","Проследи обещанието",IF(G53="Отказва плащане","Ескалация към старши",IF(G53="Частично плащане","Договори остатъка","Стандартен контакт"))))) | P53: =IFERROR(F53/E53,0)
A54: C053 | B54: Нора Георгиева | C54: Анна | D54: 46145 | E54: 101 | F54: 101 | G54: Платено | I54: Ще плати след заплата | J54: =MAX(0,E54-F54) | K54: =MAX(0,'Настройки'!$B$1-D54) | L54: =IF(K54=0,"Непросрочен",IF(K54<=5,"1-5 дни",IF(K54<=15,"6-15 дни",IF(K54<=30,"16-30 дни","30+ дни")))) | M54: =IF(AND(K54>=1,K54<=30,J54>0),"Да","Не") | N54: =IF(J54=0,"Приключен",IF(AND(K54>=16,K54<=30,J54>=500),"Висок",IF(OR(K54>=16,J54>=300),"Среден","Нисък"))) | O54: =IF(J54=0,"Няма действие",IF(G54="Неоткрит","Повторно обаждане + SMS",IF(G54="Обещание за плащане","Проследи обещанието",IF(G54="Отказва плащане","Ескалация към старши",IF(G54="Частично плащане","Договори остатъка","Стандартен контакт"))))) | P54: =IFERROR(F54/E54,0)
A55: C054 | B55: Тихомир Маринов | C55: Георги | D55: 46146 | E55: 238 | F55: 0 | G55: Обаден | I55: Платил частично | J55: =MAX(0,E55-F55) | K55: =MAX(0,'Настройки'!$B$1-D55) | L55: =IF(K55=0,"Непросрочен",IF(K55<=5,"1-5 дни",IF(K55<=15,"6-15 дни",IF(K55<=30,"16-30 дни","30+ дни")))) | M55: =IF(AND(K55>=1,K55<=30,J55>0),"Да","Не") | N55: =IF(J55=0,"Приключен",IF(AND(K55>=16,K55<=30,J55>=500),"Висок",IF(OR(K55>=16,J55>=300),"Среден","Нисък"))) | O55: =IF(J55=0,"Няма действие",IF(G55="Неоткрит","Повторно обаждане + SMS",IF(G55="Обещание за плащане","Проследи обещанието",IF(G55="Отказва плащане","Ескалация към старши",IF(G55="Частично плащане","Договори остатъка","Стандартен контакт"))))) | P55: =IFERROR(F55/E55,0)
A56: C055 | B56: Венета Илиева | C56: Ива | D56: 46147 | E56: 375 | F56: 82.5 | G56: Частично плащане | I56: Оспорва начисление | J56: =MAX(0,E56-F56) | K56: =MAX(0,'Настройки'!$B$1-D56) | L56: =IF(K56=0,"Непросрочен",IF(K56<=5,"1-5 дни",IF(K56<=15,"6-15 дни",IF(K56<=30,"16-30 дни","30+ дни")))) | M56: =IF(AND(K56>=1,K56<=30,J56>0),"Да","Не") | N56: =IF(J56=0,"Приключен",IF(AND(K56>=16,K56<=30,J56>=500),"Висок",IF(OR(K56>=16,J56>=300),"Среден","Нисък"))) | O56: =IF(J56=0,"Няма действие",IF(G56="Неоткрит","Повторно обаждане + SMS",IF(G56="Обещание за плащане","Проследи обещанието",IF(G56="Отказва плащане","Ескалация към старши",IF(G56="Частично плащане","Договори остатъка","Стандартен контакт"))))) | P56: =IFERROR(F56/E56,0)
A57: C056 | B57: Павел Христов | C57: Мария | D57: 46143 | E57: 512 | F57: 0 | G57: Неоткрит | I57: Потвърдено плащане | J57: =MAX(0,E57-F57) | K57: =MAX(0,'Настройки'!$B$1-D57) | L57: =IF(K57=0,"Непросрочен",IF(K57<=5,"1-5 дни",IF(K57<=15,"6-15 дни",IF(K57<=30,"16-30 дни","30+ дни")))) | M57: =IF(AND(K57>=1,K57<=30,J57>0),"Да","Не") | N57: =IF(J57=0,"Приключен",IF(AND(K57>=16,K57<=30,J57>=500),"Висок",IF(OR(K57>=16,J57>=300),"Среден","Нисък"))) | O57: =IF(J57=0,"Няма действие",IF(G57="Неоткрит","Повторно обаждане + SMS",IF(G57="Обещание за плащане","Проследи обещанието",IF(G57="Отказва плащане","Ескалация към старши",IF(G57="Частично плащане","Договори остатъка","Стандартен контакт"))))) | P57: =IFERROR(F57/E57,0)
A58: C057 | B58: Зорница Костова | C58: Петър | D58: 46144 | E58: 649 | F58: 32.45 | G58: Обещание за плащане | H58: 46199 | I58: Нужен втори контакт | J58: =MAX(0,E58-F58) | K58: =MAX(0,'Настройки'!$B$1-D58) | L58: =IF(K58=0,"Непросрочен",IF(K58<=5,"1-5 дни",IF(K58<=15,"6-15 дни",IF(K58<=30,"16-30 дни","30+ дни")))) | M58: =IF(AND(K58>=1,K58<=30,J58>0),"Да","Не") | N58: =IF(J58=0,"Приключен",IF(AND(K58>=16,K58<=30,J58>=500),"Висок",IF(OR(K58>=16,J58>=300),"Среден","Нисък"))) | O58: =IF(J58=0,"Няма действие",IF(G58="Неоткрит","Повторно обаждане + SMS",IF(G58="Обещание за плащане","Проследи обещанието",IF(G58="Отказва плащане","Ескалация към старши",IF(G58="Частично плащане","Договори остатъка","Стандартен контакт"))))) | P58: =IFERROR(F58/E58,0)
A59: C058 | B59: Кирил Василев | C59: Анна | D59: 46145 | E59: 786 | F59: 0 | G59: Отказва плащане | I59: Да се провери лимит | J59: =MAX(0,E59-F59) | K59: =MAX(0,'Настройки'!$B$1-D59) | L59: =IF(K59=0,"Непросрочен",IF(K59<=5,"1-5 дни",IF(K59<=15,"6-15 дни",IF(K59<=30,"16-30 дни","30+ дни")))) | M59: =IF(AND(K59>=1,K59<=30,J59>0),"Да","Не") | N59: =IF(J59=0,"Приключен",IF(AND(K59>=16,K59<=30,J59>=500),"Висок",IF(OR(K59>=16,J59>=300),"Среден","Нисък"))) | O59: =IF(J59=0,"Няма действие",IF(G59="Неоткрит","Повторно обаждане + SMS",IF(G59="Обещание за плащане","Проследи обещанието",IF(G59="Отказва плащане","Ескалация към старши",IF(G59="Частично плащане","Договори остатъка","Стандартен контакт"))))) | P59: =IFERROR(F59/E59,0)
A60: C059 | B60: Галя Симеонова | C60: Георги | D60: 46146 | E60: 923 | F60: 0 | G60: Неоткрит | I60: Иска разсрочване | J60: =MAX(0,E60-F60) | K60: =MAX(0,'Настройки'!$B$1-D60) | L60: =IF(K60=0,"Непросрочен",IF(K60<=5,"1-5 дни",IF(K60<=15,"6-15 дни",IF(K60<=30,"16-30 дни","30+ дни")))) | M60: =IF(AND(K60>=1,K60<=30,J60>0),"Да","Не") | N60: =IF(J60=0,"Приключен",IF(AND(K60>=16,K60<=30,J60>=500),"Висок",IF(OR(K60>=16,J60>=300),"Среден","Нисък"))) | O60: =IF(J60=0,"Няма действие",IF(G60="Неоткрит","Повторно обаждане + SMS",IF(G60="Обещание за плащане","Проследи обещанието",IF(G60="Отказва плащане","Ескалация към старши",IF(G60="Частично плащане","Договори остатъка","Стандартен контакт"))))) | P60: =IFERROR(F60/E60,0)
A61: C060 | B61: Момчил Колев | C61: Ива | D61: 46147 | E61: 1060 | F61: 53 | G61: Обещание за плащане | H61: 46198 | I61: Кратък разговор | J61: =MAX(0,E61-F61) | K61: =MAX(0,'Настройки'!$B$1-D61) | L61: =IF(K61=0,"Непросрочен",IF(K61<=5,"1-5 дни",IF(K61<=15,"6-15 дни",IF(K61<=30,"16-30 дни","30+ дни")))) | M61: =IF(AND(K61>=1,K61<=30,J61>0),"Да","Не") | N61: =IF(J61=0,"Приключен",IF(AND(K61>=16,K61<=30,J61>=500),"Висок",IF(OR(K61>=16,J61>=300),"Среден","Нисък"))) | O61: =IF(J61=0,"Няма действие",IF(G61="Неоткрит","Повторно обаждане + SMS",IF(G61="Обещание за плащане","Проследи обещанието",IF(G61="Отказва плащане","Ескалация към старши",IF(G61="Частично плащане","Договори остатъка","Стандартен контакт"))))) | P61: =IFERROR(F61/E61,0)

Sheet Настройки
A1: Дата за упражнението | B1: 46197
A2: Цел събираемост | B2: 0.7
A3: Обхват на екипа | B3: 1-30 дни просрочие
A4: Падеж кредитна карта | B4: Фиксиран между 1-во и 5-то число
A6: Съвет | B6: Първо филтрирай M=Да и J>0, после приоритизирай N=Висок.

Sheet KPI
A1: KPI табло - събираемост кредитни карти
A3: Показател | B3: Стойност
A4: Общо възложена сума | B4: =SUM('Данни'!E:E)
A5: Общо събрана сума | B5: =SUM('Данни'!F:F)
A6: Остатък за събиране | B6: =SUM('Данни'!J:J)
A7: % събираемост | B7: =IFERROR(B5/B4,0)
A8: Клиенти в обхват 1-30 | B8: =COUNTIF('Данни'!M:M,"Да")
A9: Висок приоритет | B9: =COUNTIF('Данни'!N:N,"Висок")
A10: Извън обхват/приключени | B10: =COUNTIF('Данни'!M:M,"Не")
A13: Служител | B13: Брой клиенти | C13: Възложена сума | D13: Събрана сума | E13: Остатък | F13: % събираемост | G13: Висок приоритет
A14: Мария | B14: =COUNTIF('Данни'!C:C,A14) | C14: =SUMIF('Данни'!C:C,A14,'Данни'!E:E) | D14: =SUMIF('Данни'!C:C,A14,'Данни'!F:F) | E14: =SUMIF('Данни'!C:C,A14,'Данни'!J:J) | F14: =IFERROR(D14/C14,0) | G14: =COUNTIFS('Данни'!C:C,A14,'Данни'!N:N,"Висок")
A15: Петър | B15: =COUNTIF('Данни'!C:C,A15) | C15: =SUMIF('Данни'!C:C,A15,'Данни'!E:E) | D15: =SUMIF('Данни'!C:C,A15,'Данни'!F:F) | E15: =SUMIF('Данни'!C:C,A15,'Данни'!J:J) | F15: =IFERROR(D15/C15,0) | G15: =COUNTIFS('Данни'!C:C,A15,'Данни'!N:N,"Висок")
A16: Анна | B16: =COUNTIF('Данни'!C:C,A16) | C16: =SUMIF('Данни'!C:C,A16,'Данни'!E:E) | D16: =SUMIF('Данни'!C:C,A16,'Данни'!F:F) | E16: =SUMIF('Данни'!C:C,A16,'Данни'!J:J) | F16: =IFERROR(D16/C16,0) | G16: =COUNTIFS('Данни'!C:C,A16,'Данни'!N:N,"Висок")
A17: Георги | B17: =COUNTIF('Данни'!C:C,A17) | C17: =SUMIF('Данни'!C:C,A17,'Данни'!E:E) | D17: =SUMIF('Данни'!C:C,A17,'Данни'!F:F) | E17: =SUMIF('Данни'!C:C,A17,'Данни'!J:J) | F17: =IFERROR(D17/C17,0) | G17: =COUNTIFS('Данни'!C:C,A17,'Данни'!N:N,"Висок")
A18: Ива | B18: =COUNTIF('Данни'!C:C,A18) | C18: =SUMIF('Данни'!C:C,A18,'Данни'!E:E) | D18: =SUMIF('Данни'!C:C,A18,'Данни'!F:F) | E18: =SUMIF('Данни'!C:C,A18,'Данни'!J:J) | F18: =IFERROR(D18/C18,0) | G18: =COUNTIFS('Данни'!C:C,A18,'Данни'!N:N,"Висок")
A22: Aging група | B22: Брой клиенти | C22: Остатък | E22: Статус контакт | F22: Брой клиенти | G22: Остатък
A23: 1-5 дни | B23: =COUNTIF('Данни'!L:L,A23) | C23: =SUMIF('Данни'!L:L,A23,'Данни'!J:J) | E23: Неоткрит | F23: =COUNTIF('Данни'!G:G,E23) | G23: =SUMIF('Данни'!G:G,E23,'Данни'!J:J)
A24: 6-15 дни | B24: =COUNTIF('Данни'!L:L,A24) | C24: =SUMIF('Данни'!L:L,A24,'Данни'!J:J) | E24: Обаден | F24: =COUNTIF('Данни'!G:G,E24) | G24: =SUMIF('Данни'!G:G,E24,'Данни'!J:J)
A25: 16-30 дни | B25: =COUNTIF('Данни'!L:L,A25) | C25: =SUMIF('Данни'!L:L,A25,'Данни'!J:J) | E25: Обещание за плащане | F25: =COUNTIF('Данни'!G:G,E25) | G25: =SUMIF('Данни'!G:G,E25,'Данни'!J:J)
A26: 30+ дни | B26: =COUNTIF('Данни'!L:L,A26) | C26: =SUMIF('Данни'!L:L,A26,'Данни'!J:J) | E26: Частично плащане | F26: =COUNTIF('Данни'!G:G,E26) | G26: =SUMIF('Данни'!G:G,E26,'Данни'!J:J)
A27: Непросрочен | B27: =COUNTIF('Данни'!L:L,A27) | C27: =SUMIF('Данни'!L:L,A27,'Данни'!J:J) | E27: Отказва плащане | F27: =COUNTIF('Данни'!G:G,E27) | G27: =SUMIF('Данни'!G:G,E27,'Данни'!J:J)
E28: Платено | F28: =COUNTIF('Данни'!G:G,E28) | G28: =SUMIF('Данни'!G:G,E28,'Данни'!J:J)

Sheet Задачи
A1: Задачи за подготовка
A3: Стъпка | B3: Описание
A4: Цел | B4: Упражнение за интервю: ръководител екип събираемост, кредитни карти с падеж 1-5 число и работа до 30 дни просрочие.
A5: 1 | B5: В лист Данни филтрирай само клиентите с "В обхват 1-30" = Да и Остатък > 0.
A6: 2 | B6: Сортирай по Приоритет = Висок и после по Остатък от най-голям към най-малък.
A7: 3 | B7: Обясни кои 5 клиента би дал първо за контакт и защо.
A8: 4 | B8: В KPI виж кой служител има най-висок % събираемост и кой има най-голям остатък.
A9: 5 | B9: Направи Pivot Table: Rows = Служител, Values = Sum of Остатък и Sum of Платена сума.
A10: 6 | B10: Направи втори Pivot Table: Rows = Aging група, Columns = Приоритет, Values = Count of ID клиент.
A11: 7 | B11: Подготви кратък управленски коментар: риск, приоритети за деня, кой служител има нужда от подкрепа.
A12: Формула за остатък | B12: =MAX(0,E2-F2)
A13: Формула за дни просрочие | B13: =MAX(0,'Настройки'!$B$1-D2)
A14: Формула за обхват | B14: =IF(AND(K2>=1,K2<=30,J2>0),"Да","Не")
